frame,time,type,item,field,from,to,action,notes
0001,0:02,,,,,,,
0002,0:07,,,,,,,
0003,0:09,,,,,,,
0004,0:11,,,,,,,
0005,0:19,,,,,,,
0006,0:21,,,,,,,
0007,0:24,navigate,REQ-003,,Formal Spec,Details,,tab
0008,0:41,navigate,REQ-003,,Details,Formal Spec,,tab
0008,0:41,commit,REQ-003,,,,Regenerate,button now reads Regenerating...
0009,0:42,,,,,,,regeneration finished: the spec text changed by itself
0010,1:01,navigate,REQ-003,,Formal Spec,Elements,,tab
0011,1:09,,,,,,,
0012,1:14,,,,,,,
0013,1:20,,,,,,,
0014,1:27,navigate,REQ-003,,Elements,Tests,,tab
0015,1:32,commit,REQ-003,,,,Generate,button now reads Generating...
0016,1:33,,,,,,,
0017,1:35,,,,,,,
0018,1:37,,,,,,,
0019,1:40,,,,,,,generation finished: test scenarios appeared by themselves
0020,1:44,,,,,,,
0021,1:45,,,,,,,
0022,1:54,navigate,REQ-003,,Gherkin,Playwright,,sub-tab inside Tests
0023,1:58,,,,,,,
0024,2:00,,,,,,,
0025,2:07,,,,,,,
0026,2:09,,,,,,,
0027,2:11,status_change,REQ-003,Status,Draft,Approved,,button pressed: Approve specification
0028,2:13,,,,,,,
0029,2:17,status_change,REQ-003,Status,Approved,In progress,,button pressed: Start implementation
0030,2:19,,,,,,,
0031,2:41,open_item,REQ-004,,,,,22 seconds with no frame before this one
0032,2:43,,,,,,,
0033,2:51,field_change,REQ-004,Priority,High,Critical,,
0034,3:01,,,,,,,
0035,3:02,,,,,,,
0036,3:05,navigate,REQ-004,,Details,Formal Spec,,tab
0037,3:09,,,,,,,
0038,3:22,,,,,,,
0039,3:29,navigate,REQ-004,,Formal Spec,Elements,,tab
0040,3:48,navigate,,,Requirements,Process Map,,
0041,3:56,navigate,,,Process Map,Completeness · RCC,,
0042,3:57,,,,,,,
0043,4:03,navigate,,,Completeness · RCC,Requirements,,screen title: Requirements workspace
0043,4:03,open_item,REQ-001,,,,,preview panel beside the list
0044,4:05,,,,,,,
0045,4:37,open_item,REQ-004,,,,,32 seconds with no frame before this one
0045,4:37,navigate,REQ-004,,,RCC Gate,,tab
0046,4:43,,,,,,,
0047,4:46,,,,,,,
0048,5:02,commit,REQ-004,,,,Run gap analysis (project-wide),pressed at about 4:50 (video); button now reads Running gap analysis...
0049,5:08,,,,,,,
0050,5:10,,,,,,,
0051,5:10,,,,,,,
0052,5:31,navigate,,,Requirements,Completeness · RCC,,
0053,5:50,navigate,,,Completeness · RCC,Requirements,,
0054,5:56,open_item,REQ-004,,,,,opens on the RCC Gate tab
0055,6:03,,,,,,,
0056,6:06,,,,,,,
